Lib2307_0	/gpfs/users/a1867445/Cloggs_May_2025/eager/results/deduplication/Lib2307_0/Lib2307_0_rmdup.bam	/gpfs/users/a1867445/Cloggs_May_2025/eager/results/deduplication/Lib2307_0/Lib2307_0_rmdup.bam.csi
Lib2307_1	/gpfs/users/a1867445/Cloggs_May_2025/eager/results/deduplication/Lib2307_1/Lib2307_1_rmdup.bam	/gpfs/users/a1867445/Cloggs_May_2025/eager/results/deduplication/Lib2307_1/Lib2307_1_rmdup.bam.csi
Lib2307_10 	/gpfs/users/a1867445/Cloggs_May_2025/eager/results/deduplication/Lib2307_10 /Lib2307_10 _rmdup.bam	/gpfs/users/a1867445/Cloggs_May_2025/eager/results/deduplication/Lib2307_10 /Lib2307_10 _rmdup.bam.csi
Lib2307_11 	/gpfs/users/a1867445/Cloggs_May_2025/eager/results/deduplication/Lib2307_11 /Lib2307_11 _rmdup.bam	/gpfs/users/a1867445/Cloggs_May_2025/eager/results/deduplication/Lib2307_11 /Lib2307_11 _rmdup.bam.csi
Lib2307_12 	/gpfs/users/a1867445/Cloggs_May_2025/eager/results/deduplication/Lib2307_12 /Lib2307_12 _rmdup.bam	/gpfs/users/a1867445/Cloggs_May_2025/eager/results/deduplication/Lib2307_12 /Lib2307_12 _rmdup.bam.csi
Lib2307_13 	/gpfs/users/a1867445/Cloggs_May_2025/eager/results/deduplication/Lib2307_13 /Lib2307_13 _rmdup.bam	/gpfs/users/a1867445/Cloggs_May_2025/eager/results/deduplication/Lib2307_13 /Lib2307_13 _rmdup.bam.csi
Lib2307_14 	/gpfs/users/a1867445/Cloggs_May_2025/eager/results/deduplication/Lib2307_14 /Lib2307_14 _rmdup.bam	/gpfs/users/a1867445/Cloggs_May_2025/eager/results/deduplication/Lib2307_14 /Lib2307_14 _rmdup.bam.csi
Lib2307_15 	/gpfs/users/a1867445/Cloggs_May_2025/eager/results/deduplication/Lib2307_15 /Lib2307_15 _rmdup.bam	/gpfs/users/a1867445/Cloggs_May_2025/eager/results/deduplication/Lib2307_15 /Lib2307_15 _rmdup.bam.csi
Lib2307_16 	/gpfs/users/a1867445/Cloggs_May_2025/eager/results/deduplication/Lib2307_16 /Lib2307_16 _rmdup.bam	/gpfs/users/a1867445/Cloggs_May_2025/eager/results/deduplication/Lib2307_16 /Lib2307_16 _rmdup.bam.csi
Lib2307_17 	/gpfs/users/a1867445/Cloggs_May_2025/eager/results/deduplication/Lib2307_17 /Lib2307_17 _rmdup.bam	/gpfs/users/a1867445/Cloggs_May_2025/eager/results/deduplication/Lib2307_17 /Lib2307_17 _rmdup.bam.csi
Lib2307_18 	/gpfs/users/a1867445/Cloggs_May_2025/eager/results/deduplication/Lib2307_18 /Lib2307_18 _rmdup.bam	/gpfs/users/a1867445/Cloggs_May_2025/eager/results/deduplication/Lib2307_18 /Lib2307_18 _rmdup.bam.csi
Lib2307_19 	/gpfs/users/a1867445/Cloggs_May_2025/eager/results/deduplication/Lib2307_19 /Lib2307_19 _rmdup.bam	/gpfs/users/a1867445/Cloggs_May_2025/eager/results/deduplication/Lib2307_19 /Lib2307_19 _rmdup.bam.csi
Lib2307_2	/gpfs/users/a1867445/Cloggs_May_2025/eager/results/deduplication/Lib2307_2/Lib2307_2_rmdup.bam	/gpfs/users/a1867445/Cloggs_May_2025/eager/results/deduplication/Lib2307_2/Lib2307_2_rmdup.bam.csi
Lib2307_20 	/gpfs/users/a1867445/Cloggs_May_2025/eager/results/deduplication/Lib2307_20 /Lib2307_20 _rmdup.bam	/gpfs/users/a1867445/Cloggs_May_2025/eager/results/deduplication/Lib2307_20 /Lib2307_20 _rmdup.bam.csi
Lib2307_21 	/gpfs/users/a1867445/Cloggs_May_2025/eager/results/deduplication/Lib2307_21 /Lib2307_21 _rmdup.bam	/gpfs/users/a1867445/Cloggs_May_2025/eager/results/deduplication/Lib2307_21 /Lib2307_21 _rmdup.bam.csi
Lib2307_22 	/gpfs/users/a1867445/Cloggs_May_2025/eager/results/deduplication/Lib2307_22 /Lib2307_22 _rmdup.bam	/gpfs/users/a1867445/Cloggs_May_2025/eager/results/deduplication/Lib2307_22 /Lib2307_22 _rmdup.bam.csi
Lib2307_23 	/gpfs/users/a1867445/Cloggs_May_2025/eager/results/deduplication/Lib2307_23 /Lib2307_23 _rmdup.bam	/gpfs/users/a1867445/Cloggs_May_2025/eager/results/deduplication/Lib2307_23 /Lib2307_23 _rmdup.bam.csi
Lib2307_24 	/gpfs/users/a1867445/Cloggs_May_2025/eager/results/deduplication/Lib2307_24 /Lib2307_24 _rmdup.bam	/gpfs/users/a1867445/Cloggs_May_2025/eager/results/deduplication/Lib2307_24 /Lib2307_24 _rmdup.bam.csi
Lib2307_25 	/gpfs/users/a1867445/Cloggs_May_2025/eager/results/deduplication/Lib2307_25 /Lib2307_25 _rmdup.bam	/gpfs/users/a1867445/Cloggs_May_2025/eager/results/deduplication/Lib2307_25 /Lib2307_25 _rmdup.bam.csi
Lib2307_26 	/gpfs/users/a1867445/Cloggs_May_2025/eager/results/deduplication/Lib2307_26 /Lib2307_26 _rmdup.bam	/gpfs/users/a1867445/Cloggs_May_2025/eager/results/deduplication/Lib2307_26 /Lib2307_26 _rmdup.bam.csi
Lib2307_27 	/gpfs/users/a1867445/Cloggs_May_2025/eager/results/deduplication/Lib2307_27 /Lib2307_27 _rmdup.bam	/gpfs/users/a1867445/Cloggs_May_2025/eager/results/deduplication/Lib2307_27 /Lib2307_27 _rmdup.bam.csi
Lib2307_28 	/gpfs/users/a1867445/Cloggs_May_2025/eager/results/deduplication/Lib2307_28 /Lib2307_28 _rmdup.bam	/gpfs/users/a1867445/Cloggs_May_2025/eager/results/deduplication/Lib2307_28 /Lib2307_28 _rmdup.bam.csi
Lib2307_29 	/gpfs/users/a1867445/Cloggs_May_2025/eager/results/deduplication/Lib2307_29 /Lib2307_29 _rmdup.bam	/gpfs/users/a1867445/Cloggs_May_2025/eager/results/deduplication/Lib2307_29 /Lib2307_29 _rmdup.bam.csi
Lib2307_3	/gpfs/users/a1867445/Cloggs_May_2025/eager/results/deduplication/Lib2307_3/Lib2307_3_rmdup.bam	/gpfs/users/a1867445/Cloggs_May_2025/eager/results/deduplication/Lib2307_3/Lib2307_3_rmdup.bam.csi
Lib2307_30 	/gpfs/users/a1867445/Cloggs_May_2025/eager/results/deduplication/Lib2307_30 /Lib2307_30 _rmdup.bam	/gpfs/users/a1867445/Cloggs_May_2025/eager/results/deduplication/Lib2307_30 /Lib2307_30 _rmdup.bam.csi
Lib2307_31 	/gpfs/users/a1867445/Cloggs_May_2025/eager/results/deduplication/Lib2307_31 /Lib2307_31 _rmdup.bam	/gpfs/users/a1867445/Cloggs_May_2025/eager/results/deduplication/Lib2307_31 /Lib2307_31 _rmdup.bam.csi
Lib2307_32 	/gpfs/users/a1867445/Cloggs_May_2025/eager/results/deduplication/Lib2307_32 /Lib2307_32 _rmdup.bam	/gpfs/users/a1867445/Cloggs_May_2025/eager/results/deduplication/Lib2307_32 /Lib2307_32 _rmdup.bam.csi
Lib2307_33 	/gpfs/users/a1867445/Cloggs_May_2025/eager/results/deduplication/Lib2307_33 /Lib2307_33 _rmdup.bam	/gpfs/users/a1867445/Cloggs_May_2025/eager/results/deduplication/Lib2307_33 /Lib2307_33 _rmdup.bam.csi
Lib2307_34 	/gpfs/users/a1867445/Cloggs_May_2025/eager/results/deduplication/Lib2307_34 /Lib2307_34 _rmdup.bam	/gpfs/users/a1867445/Cloggs_May_2025/eager/results/deduplication/Lib2307_34 /Lib2307_34 _rmdup.bam.csi
Lib2307_35 	/gpfs/users/a1867445/Cloggs_May_2025/eager/results/deduplication/Lib2307_35 /Lib2307_35 _rmdup.bam	/gpfs/users/a1867445/Cloggs_May_2025/eager/results/deduplication/Lib2307_35 /Lib2307_35 _rmdup.bam.csi
Lib2307_36 	/gpfs/users/a1867445/Cloggs_May_2025/eager/results/deduplication/Lib2307_36 /Lib2307_36 _rmdup.bam	/gpfs/users/a1867445/Cloggs_May_2025/eager/results/deduplication/Lib2307_36 /Lib2307_36 _rmdup.bam.csi
Lib2307_37 	/gpfs/users/a1867445/Cloggs_May_2025/eager/results/deduplication/Lib2307_37 /Lib2307_37 _rmdup.bam	/gpfs/users/a1867445/Cloggs_May_2025/eager/results/deduplication/Lib2307_37 /Lib2307_37 _rmdup.bam.csi
Lib2307_38 	/gpfs/users/a1867445/Cloggs_May_2025/eager/results/deduplication/Lib2307_38 /Lib2307_38 _rmdup.bam	/gpfs/users/a1867445/Cloggs_May_2025/eager/results/deduplication/Lib2307_38 /Lib2307_38 _rmdup.bam.csi
Lib2307_39 	/gpfs/users/a1867445/Cloggs_May_2025/eager/results/deduplication/Lib2307_39 /Lib2307_39 _rmdup.bam	/gpfs/users/a1867445/Cloggs_May_2025/eager/results/deduplication/Lib2307_39 /Lib2307_39 _rmdup.bam.csi
Lib2307_4	/gpfs/users/a1867445/Cloggs_May_2025/eager/results/deduplication/Lib2307_4/Lib2307_4_rmdup.bam	/gpfs/users/a1867445/Cloggs_May_2025/eager/results/deduplication/Lib2307_4/Lib2307_4_rmdup.bam.csi
Lib2307_40 	/gpfs/users/a1867445/Cloggs_May_2025/eager/results/deduplication/Lib2307_40 /Lib2307_40 _rmdup.bam	/gpfs/users/a1867445/Cloggs_May_2025/eager/results/deduplication/Lib2307_40 /Lib2307_40 _rmdup.bam.csi
Lib2307_41 	/gpfs/users/a1867445/Cloggs_May_2025/eager/results/deduplication/Lib2307_41 /Lib2307_41 _rmdup.bam	/gpfs/users/a1867445/Cloggs_May_2025/eager/results/deduplication/Lib2307_41 /Lib2307_41 _rmdup.bam.csi
Lib2307_42 	/gpfs/users/a1867445/Cloggs_May_2025/eager/results/deduplication/Lib2307_42 /Lib2307_42 _rmdup.bam	/gpfs/users/a1867445/Cloggs_May_2025/eager/results/deduplication/Lib2307_42 /Lib2307_42 _rmdup.bam.csi
Lib2307_43 	/gpfs/users/a1867445/Cloggs_May_2025/eager/results/deduplication/Lib2307_43 /Lib2307_43 _rmdup.bam	/gpfs/users/a1867445/Cloggs_May_2025/eager/results/deduplication/Lib2307_43 /Lib2307_43 _rmdup.bam.csi
Lib2307_44 	/gpfs/users/a1867445/Cloggs_May_2025/eager/results/deduplication/Lib2307_44 /Lib2307_44 _rmdup.bam	/gpfs/users/a1867445/Cloggs_May_2025/eager/results/deduplication/Lib2307_44 /Lib2307_44 _rmdup.bam.csi
Lib2307_45 	/gpfs/users/a1867445/Cloggs_May_2025/eager/results/deduplication/Lib2307_45 /Lib2307_45 _rmdup.bam	/gpfs/users/a1867445/Cloggs_May_2025/eager/results/deduplication/Lib2307_45 /Lib2307_45 _rmdup.bam.csi
Lib2307_46 	/gpfs/users/a1867445/Cloggs_May_2025/eager/results/deduplication/Lib2307_46 /Lib2307_46 _rmdup.bam	/gpfs/users/a1867445/Cloggs_May_2025/eager/results/deduplication/Lib2307_46 /Lib2307_46 _rmdup.bam.csi
Lib2307_47 	/gpfs/users/a1867445/Cloggs_May_2025/eager/results/deduplication/Lib2307_47 /Lib2307_47 _rmdup.bam	/gpfs/users/a1867445/Cloggs_May_2025/eager/results/deduplication/Lib2307_47 /Lib2307_47 _rmdup.bam.csi
Lib2307_48 	/gpfs/users/a1867445/Cloggs_May_2025/eager/results/deduplication/Lib2307_48 /Lib2307_48 _rmdup.bam	/gpfs/users/a1867445/Cloggs_May_2025/eager/results/deduplication/Lib2307_48 /Lib2307_48 _rmdup.bam.csi
Lib2307_49 	/gpfs/users/a1867445/Cloggs_May_2025/eager/results/deduplication/Lib2307_49 /Lib2307_49 _rmdup.bam	/gpfs/users/a1867445/Cloggs_May_2025/eager/results/deduplication/Lib2307_49 /Lib2307_49 _rmdup.bam.csi
Lib2307_5	/gpfs/users/a1867445/Cloggs_May_2025/eager/results/deduplication/Lib2307_5/Lib2307_5_rmdup.bam	/gpfs/users/a1867445/Cloggs_May_2025/eager/results/deduplication/Lib2307_5/Lib2307_5_rmdup.bam.csi
Lib2307_50 	/gpfs/users/a1867445/Cloggs_May_2025/eager/results/deduplication/Lib2307_50 /Lib2307_50 _rmdup.bam	/gpfs/users/a1867445/Cloggs_May_2025/eager/results/deduplication/Lib2307_50 /Lib2307_50 _rmdup.bam.csi
Lib2307_51 	/gpfs/users/a1867445/Cloggs_May_2025/eager/results/deduplication/Lib2307_51 /Lib2307_51 _rmdup.bam	/gpfs/users/a1867445/Cloggs_May_2025/eager/results/deduplication/Lib2307_51 /Lib2307_51 _rmdup.bam.csi
Lib2307_52 	/gpfs/users/a1867445/Cloggs_May_2025/eager/results/deduplication/Lib2307_52 /Lib2307_52 _rmdup.bam	/gpfs/users/a1867445/Cloggs_May_2025/eager/results/deduplication/Lib2307_52 /Lib2307_52 _rmdup.bam.csi
Lib2307_53 	/gpfs/users/a1867445/Cloggs_May_2025/eager/results/deduplication/Lib2307_53 /Lib2307_53 _rmdup.bam	/gpfs/users/a1867445/Cloggs_May_2025/eager/results/deduplication/Lib2307_53 /Lib2307_53 _rmdup.bam.csi
Lib2307_54 	/gpfs/users/a1867445/Cloggs_May_2025/eager/results/deduplication/Lib2307_54 /Lib2307_54 _rmdup.bam	/gpfs/users/a1867445/Cloggs_May_2025/eager/results/deduplication/Lib2307_54 /Lib2307_54 _rmdup.bam.csi
Lib2307_55 	/gpfs/users/a1867445/Cloggs_May_2025/eager/results/deduplication/Lib2307_55 /Lib2307_55 _rmdup.bam	/gpfs/users/a1867445/Cloggs_May_2025/eager/results/deduplication/Lib2307_55 /Lib2307_55 _rmdup.bam.csi
Lib2307_56 	/gpfs/users/a1867445/Cloggs_May_2025/eager/results/deduplication/Lib2307_56 /Lib2307_56 _rmdup.bam	/gpfs/users/a1867445/Cloggs_May_2025/eager/results/deduplication/Lib2307_56 /Lib2307_56 _rmdup.bam.csi
Lib2307_57 	/gpfs/users/a1867445/Cloggs_May_2025/eager/results/deduplication/Lib2307_57 /Lib2307_57 _rmdup.bam	/gpfs/users/a1867445/Cloggs_May_2025/eager/results/deduplication/Lib2307_57 /Lib2307_57 _rmdup.bam.csi
Lib2307_58 	/gpfs/users/a1867445/Cloggs_May_2025/eager/results/deduplication/Lib2307_58 /Lib2307_58 _rmdup.bam	/gpfs/users/a1867445/Cloggs_May_2025/eager/results/deduplication/Lib2307_58 /Lib2307_58 _rmdup.bam.csi
Lib2307_59 	/gpfs/users/a1867445/Cloggs_May_2025/eager/results/deduplication/Lib2307_59 /Lib2307_59 _rmdup.bam	/gpfs/users/a1867445/Cloggs_May_2025/eager/results/deduplication/Lib2307_59 /Lib2307_59 _rmdup.bam.csi
Lib2307_6	/gpfs/users/a1867445/Cloggs_May_2025/eager/results/deduplication/Lib2307_6/Lib2307_6_rmdup.bam	/gpfs/users/a1867445/Cloggs_May_2025/eager/results/deduplication/Lib2307_6/Lib2307_6_rmdup.bam.csi
Lib2307_60 	/gpfs/users/a1867445/Cloggs_May_2025/eager/results/deduplication/Lib2307_60 /Lib2307_60 _rmdup.bam	/gpfs/users/a1867445/Cloggs_May_2025/eager/results/deduplication/Lib2307_60 /Lib2307_60 _rmdup.bam.csi
Lib2307_61 	/gpfs/users/a1867445/Cloggs_May_2025/eager/results/deduplication/Lib2307_61 /Lib2307_61 _rmdup.bam	/gpfs/users/a1867445/Cloggs_May_2025/eager/results/deduplication/Lib2307_61 /Lib2307_61 _rmdup.bam.csi
Lib2307_62 	/gpfs/users/a1867445/Cloggs_May_2025/eager/results/deduplication/Lib2307_62 /Lib2307_62 _rmdup.bam	/gpfs/users/a1867445/Cloggs_May_2025/eager/results/deduplication/Lib2307_62 /Lib2307_62 _rmdup.bam.csi
Lib2307_63 	/gpfs/users/a1867445/Cloggs_May_2025/eager/results/deduplication/Lib2307_63 /Lib2307_63 _rmdup.bam	/gpfs/users/a1867445/Cloggs_May_2025/eager/results/deduplication/Lib2307_63 /Lib2307_63 _rmdup.bam.csi
Lib2307_64 	/gpfs/users/a1867445/Cloggs_May_2025/eager/results/deduplication/Lib2307_64 /Lib2307_64 _rmdup.bam	/gpfs/users/a1867445/Cloggs_May_2025/eager/results/deduplication/Lib2307_64 /Lib2307_64 _rmdup.bam.csi
Lib2307_65 	/gpfs/users/a1867445/Cloggs_May_2025/eager/results/deduplication/Lib2307_65 /Lib2307_65 _rmdup.bam	/gpfs/users/a1867445/Cloggs_May_2025/eager/results/deduplication/Lib2307_65 /Lib2307_65 _rmdup.bam.csi
Lib2307_66 	/gpfs/users/a1867445/Cloggs_May_2025/eager/results/deduplication/Lib2307_66 /Lib2307_66 _rmdup.bam	/gpfs/users/a1867445/Cloggs_May_2025/eager/results/deduplication/Lib2307_66 /Lib2307_66 _rmdup.bam.csi
Lib2307_7	/gpfs/users/a1867445/Cloggs_May_2025/eager/results/deduplication/Lib2307_7/Lib2307_7_rmdup.bam	/gpfs/users/a1867445/Cloggs_May_2025/eager/results/deduplication/Lib2307_7/Lib2307_7_rmdup.bam.csi
Lib2307_70 	/gpfs/users/a1867445/Cloggs_May_2025/eager/results/deduplication/Lib2307_70 /Lib2307_70 _rmdup.bam	/gpfs/users/a1867445/Cloggs_May_2025/eager/results/deduplication/Lib2307_70 /Lib2307_70 _rmdup.bam.csi
Lib2307_71 	/gpfs/users/a1867445/Cloggs_May_2025/eager/results/deduplication/Lib2307_71 /Lib2307_71 _rmdup.bam	/gpfs/users/a1867445/Cloggs_May_2025/eager/results/deduplication/Lib2307_71 /Lib2307_71 _rmdup.bam.csi
Lib2307_72 	/gpfs/users/a1867445/Cloggs_May_2025/eager/results/deduplication/Lib2307_72 /Lib2307_72 _rmdup.bam	/gpfs/users/a1867445/Cloggs_May_2025/eager/results/deduplication/Lib2307_72 /Lib2307_72 _rmdup.bam.csi
Lib2307_73 	/gpfs/users/a1867445/Cloggs_May_2025/eager/results/deduplication/Lib2307_73 /Lib2307_73 _rmdup.bam	/gpfs/users/a1867445/Cloggs_May_2025/eager/results/deduplication/Lib2307_73 /Lib2307_73 _rmdup.bam.csi
Lib2307_74 	/gpfs/users/a1867445/Cloggs_May_2025/eager/results/deduplication/Lib2307_74 /Lib2307_74 _rmdup.bam	/gpfs/users/a1867445/Cloggs_May_2025/eager/results/deduplication/Lib2307_74 /Lib2307_74 _rmdup.bam.csi
Lib2307_75 	/gpfs/users/a1867445/Cloggs_May_2025/eager/results/deduplication/Lib2307_75 /Lib2307_75 _rmdup.bam	/gpfs/users/a1867445/Cloggs_May_2025/eager/results/deduplication/Lib2307_75 /Lib2307_75 _rmdup.bam.csi
Lib2307_76 	/gpfs/users/a1867445/Cloggs_May_2025/eager/results/deduplication/Lib2307_76 /Lib2307_76 _rmdup.bam	/gpfs/users/a1867445/Cloggs_May_2025/eager/results/deduplication/Lib2307_76 /Lib2307_76 _rmdup.bam.csi
Lib2307_79 	/gpfs/users/a1867445/Cloggs_May_2025/eager/results/deduplication/Lib2307_79 /Lib2307_79 _rmdup.bam	/gpfs/users/a1867445/Cloggs_May_2025/eager/results/deduplication/Lib2307_79 /Lib2307_79 _rmdup.bam.csi
Lib2307_8	/gpfs/users/a1867445/Cloggs_May_2025/eager/results/deduplication/Lib2307_8/Lib2307_8_rmdup.bam	/gpfs/users/a1867445/Cloggs_May_2025/eager/results/deduplication/Lib2307_8/Lib2307_8_rmdup.bam.csi
Lib2307_9	/gpfs/users/a1867445/Cloggs_May_2025/eager/results/deduplication/Lib2307_9/Lib2307_9_rmdup.bam	/gpfs/users/a1867445/Cloggs_May_2025/eager/results/deduplication/Lib2307_9/Lib2307_9_rmdup.bam.csi
Mega21Hyb10_1	/gpfs/users/a1867445/Cloggs_May_2025/eager/results/deduplication/Mega21Hyb10_1/Mega21Hyb10_1_rmdup.bam	/gpfs/users/a1867445/Cloggs_May_2025/eager/results/deduplication/Mega21Hyb10_1/Mega21Hyb10_1_rmdup.bam.csi
Mega21Hyb10_10 	/gpfs/users/a1867445/Cloggs_May_2025/eager/results/deduplication/Mega21Hyb10_10 /Mega21Hyb10_10 _rmdup.bam	/gpfs/users/a1867445/Cloggs_May_2025/eager/results/deduplication/Mega21Hyb10_10 /Mega21Hyb10_10 _rmdup.bam.csi
Mega21Hyb10_11 	/gpfs/users/a1867445/Cloggs_May_2025/eager/results/deduplication/Mega21Hyb10_11 /Mega21Hyb10_11 _rmdup.bam	/gpfs/users/a1867445/Cloggs_May_2025/eager/results/deduplication/Mega21Hyb10_11 /Mega21Hyb10_11 _rmdup.bam.csi
Mega21Hyb10_12	/gpfs/users/a1867445/Cloggs_May_2025/eager/results/deduplication/Mega21Hyb10_12/Mega21Hyb10_12_rmdup.bam	/gpfs/users/a1867445/Cloggs_May_2025/eager/results/deduplication/Mega21Hyb10_12/Mega21Hyb10_12_rmdup.bam.csi
Mega21Hyb10_13	/gpfs/users/a1867445/Cloggs_May_2025/eager/results/deduplication/Mega21Hyb10_13/Mega21Hyb10_13_rmdup.bam	/gpfs/users/a1867445/Cloggs_May_2025/eager/results/deduplication/Mega21Hyb10_13/Mega21Hyb10_13_rmdup.bam.csi
Mega21Hyb10_14	/gpfs/users/a1867445/Cloggs_May_2025/eager/results/deduplication/Mega21Hyb10_14/Mega21Hyb10_14_rmdup.bam	/gpfs/users/a1867445/Cloggs_May_2025/eager/results/deduplication/Mega21Hyb10_14/Mega21Hyb10_14_rmdup.bam.csi
Mega21Hyb10_15a 	/gpfs/users/a1867445/Cloggs_May_2025/eager/results/deduplication/Mega21Hyb10_15a /Mega21Hyb10_15a _rmdup.bam	/gpfs/users/a1867445/Cloggs_May_2025/eager/results/deduplication/Mega21Hyb10_15a /Mega21Hyb10_15a _rmdup.bam.csi
Mega21Hyb10_15b 	/gpfs/users/a1867445/Cloggs_May_2025/eager/results/deduplication/Mega21Hyb10_15b /Mega21Hyb10_15b _rmdup.bam	/gpfs/users/a1867445/Cloggs_May_2025/eager/results/deduplication/Mega21Hyb10_15b /Mega21Hyb10_15b _rmdup.bam.csi
Mega21Hyb10_15c 	/gpfs/users/a1867445/Cloggs_May_2025/eager/results/deduplication/Mega21Hyb10_15c /Mega21Hyb10_15c _rmdup.bam	/gpfs/users/a1867445/Cloggs_May_2025/eager/results/deduplication/Mega21Hyb10_15c /Mega21Hyb10_15c _rmdup.bam.csi
Mega21Hyb10_15d 	/gpfs/users/a1867445/Cloggs_May_2025/eager/results/deduplication/Mega21Hyb10_15d /Mega21Hyb10_15d _rmdup.bam	/gpfs/users/a1867445/Cloggs_May_2025/eager/results/deduplication/Mega21Hyb10_15d /Mega21Hyb10_15d _rmdup.bam.csi
Mega21Hyb10_2 	/gpfs/users/a1867445/Cloggs_May_2025/eager/results/deduplication/Mega21Hyb10_2 /Mega21Hyb10_2 _rmdup.bam	/gpfs/users/a1867445/Cloggs_May_2025/eager/results/deduplication/Mega21Hyb10_2 /Mega21Hyb10_2 _rmdup.bam.csi
Mega21Hyb10_3 	/gpfs/users/a1867445/Cloggs_May_2025/eager/results/deduplication/Mega21Hyb10_3 /Mega21Hyb10_3 _rmdup.bam	/gpfs/users/a1867445/Cloggs_May_2025/eager/results/deduplication/Mega21Hyb10_3 /Mega21Hyb10_3 _rmdup.bam.csi
Mega21Hyb10_4 	/gpfs/users/a1867445/Cloggs_May_2025/eager/results/deduplication/Mega21Hyb10_4 /Mega21Hyb10_4 _rmdup.bam	/gpfs/users/a1867445/Cloggs_May_2025/eager/results/deduplication/Mega21Hyb10_4 /Mega21Hyb10_4 _rmdup.bam.csi
Mega21Hyb10_5 	/gpfs/users/a1867445/Cloggs_May_2025/eager/results/deduplication/Mega21Hyb10_5 /Mega21Hyb10_5 _rmdup.bam	/gpfs/users/a1867445/Cloggs_May_2025/eager/results/deduplication/Mega21Hyb10_5 /Mega21Hyb10_5 _rmdup.bam.csi
Mega21Hyb10_6 	/gpfs/users/a1867445/Cloggs_May_2025/eager/results/deduplication/Mega21Hyb10_6 /Mega21Hyb10_6 _rmdup.bam	/gpfs/users/a1867445/Cloggs_May_2025/eager/results/deduplication/Mega21Hyb10_6 /Mega21Hyb10_6 _rmdup.bam.csi
Mega21Hyb10_7 	/gpfs/users/a1867445/Cloggs_May_2025/eager/results/deduplication/Mega21Hyb10_7 /Mega21Hyb10_7 _rmdup.bam	/gpfs/users/a1867445/Cloggs_May_2025/eager/results/deduplication/Mega21Hyb10_7 /Mega21Hyb10_7 _rmdup.bam.csi
Mega21Hyb10_8 	/gpfs/users/a1867445/Cloggs_May_2025/eager/results/deduplication/Mega21Hyb10_8 /Mega21Hyb10_8 _rmdup.bam	/gpfs/users/a1867445/Cloggs_May_2025/eager/results/deduplication/Mega21Hyb10_8 /Mega21Hyb10_8 _rmdup.bam.csi
Mega21Hyb10_9 	/gpfs/users/a1867445/Cloggs_May_2025/eager/results/deduplication/Mega21Hyb10_9 /Mega21Hyb10_9 _rmdup.bam	/gpfs/users/a1867445/Cloggs_May_2025/eager/results/deduplication/Mega21Hyb10_9 /Mega21Hyb10_9 _rmdup.bam.csi
Mega21Hyb11_1 	/gpfs/users/a1867445/Cloggs_May_2025/eager/results/deduplication/Mega21Hyb11_1 /Mega21Hyb11_1 _rmdup.bam	/gpfs/users/a1867445/Cloggs_May_2025/eager/results/deduplication/Mega21Hyb11_1 /Mega21Hyb11_1 _rmdup.bam.csi
Mega21Hyb11_2 	/gpfs/users/a1867445/Cloggs_May_2025/eager/results/deduplication/Mega21Hyb11_2 /Mega21Hyb11_2 _rmdup.bam	/gpfs/users/a1867445/Cloggs_May_2025/eager/results/deduplication/Mega21Hyb11_2 /Mega21Hyb11_2 _rmdup.bam.csi
Mega21Hyb11_3 	/gpfs/users/a1867445/Cloggs_May_2025/eager/results/deduplication/Mega21Hyb11_3 /Mega21Hyb11_3 _rmdup.bam	/gpfs/users/a1867445/Cloggs_May_2025/eager/results/deduplication/Mega21Hyb11_3 /Mega21Hyb11_3 _rmdup.bam.csi
Mega21Hyb11_4 	/gpfs/users/a1867445/Cloggs_May_2025/eager/results/deduplication/Mega21Hyb11_4 /Mega21Hyb11_4 _rmdup.bam	/gpfs/users/a1867445/Cloggs_May_2025/eager/results/deduplication/Mega21Hyb11_4 /Mega21Hyb11_4 _rmdup.bam.csi
Mega21Hyb11_5 	/gpfs/users/a1867445/Cloggs_May_2025/eager/results/deduplication/Mega21Hyb11_5 /Mega21Hyb11_5 _rmdup.bam	/gpfs/users/a1867445/Cloggs_May_2025/eager/results/deduplication/Mega21Hyb11_5 /Mega21Hyb11_5 _rmdup.bam.csi
Mega21Hyb11_6 	/gpfs/users/a1867445/Cloggs_May_2025/eager/results/deduplication/Mega21Hyb11_6 /Mega21Hyb11_6 _rmdup.bam	/gpfs/users/a1867445/Cloggs_May_2025/eager/results/deduplication/Mega21Hyb11_6 /Mega21Hyb11_6 _rmdup.bam.csi
Mega21Hyb11_7 	/gpfs/users/a1867445/Cloggs_May_2025/eager/results/deduplication/Mega21Hyb11_7 /Mega21Hyb11_7 _rmdup.bam	/gpfs/users/a1867445/Cloggs_May_2025/eager/results/deduplication/Mega21Hyb11_7 /Mega21Hyb11_7 _rmdup.bam.csi
MEGA21LIB6_01 	/gpfs/users/a1867445/Cloggs_May_2025/eager/results/deduplication/MEGA21LIB6_01 /MEGA21LIB6_01 _rmdup.bam	/gpfs/users/a1867445/Cloggs_May_2025/eager/results/deduplication/MEGA21LIB6_01 /MEGA21LIB6_01 _rmdup.bam.csi
MEGA21LIB6_02 	/gpfs/users/a1867445/Cloggs_May_2025/eager/results/deduplication/MEGA21LIB6_02 /MEGA21LIB6_02 _rmdup.bam	/gpfs/users/a1867445/Cloggs_May_2025/eager/results/deduplication/MEGA21LIB6_02 /MEGA21LIB6_02 _rmdup.bam.csi
MEGA21LIB6_03 	/gpfs/users/a1867445/Cloggs_May_2025/eager/results/deduplication/MEGA21LIB6_03 /MEGA21LIB6_03 _rmdup.bam	/gpfs/users/a1867445/Cloggs_May_2025/eager/results/deduplication/MEGA21LIB6_03 /MEGA21LIB6_03 _rmdup.bam.csi
MEGA21LIB6_04 	/gpfs/users/a1867445/Cloggs_May_2025/eager/results/deduplication/MEGA21LIB6_04 /MEGA21LIB6_04 _rmdup.bam	/gpfs/users/a1867445/Cloggs_May_2025/eager/results/deduplication/MEGA21LIB6_04 /MEGA21LIB6_04 _rmdup.bam.csi
MEGA21LIB6_05 	/gpfs/users/a1867445/Cloggs_May_2025/eager/results/deduplication/MEGA21LIB6_05 /MEGA21LIB6_05 _rmdup.bam	/gpfs/users/a1867445/Cloggs_May_2025/eager/results/deduplication/MEGA21LIB6_05 /MEGA21LIB6_05 _rmdup.bam.csi
MEGA21LIB6_06 	/gpfs/users/a1867445/Cloggs_May_2025/eager/results/deduplication/MEGA21LIB6_06 /MEGA21LIB6_06 _rmdup.bam	/gpfs/users/a1867445/Cloggs_May_2025/eager/results/deduplication/MEGA21LIB6_06 /MEGA21LIB6_06 _rmdup.bam.csi
MEGA21LIB6_07 	/gpfs/users/a1867445/Cloggs_May_2025/eager/results/deduplication/MEGA21LIB6_07 /MEGA21LIB6_07 _rmdup.bam	/gpfs/users/a1867445/Cloggs_May_2025/eager/results/deduplication/MEGA21LIB6_07 /MEGA21LIB6_07 _rmdup.bam.csi
MEGA21LIB6_08 	/gpfs/users/a1867445/Cloggs_May_2025/eager/results/deduplication/MEGA21LIB6_08 /MEGA21LIB6_08 _rmdup.bam	/gpfs/users/a1867445/Cloggs_May_2025/eager/results/deduplication/MEGA21LIB6_08 /MEGA21LIB6_08 _rmdup.bam.csi
MEGA21LIB6_09 	/gpfs/users/a1867445/Cloggs_May_2025/eager/results/deduplication/MEGA21LIB6_09 /MEGA21LIB6_09 _rmdup.bam	/gpfs/users/a1867445/Cloggs_May_2025/eager/results/deduplication/MEGA21LIB6_09 /MEGA21LIB6_09 _rmdup.bam.csi
MEGA21LIB6_10 	/gpfs/users/a1867445/Cloggs_May_2025/eager/results/deduplication/MEGA21LIB6_10 /MEGA21LIB6_10 _rmdup.bam	/gpfs/users/a1867445/Cloggs_May_2025/eager/results/deduplication/MEGA21LIB6_10 /MEGA21LIB6_10 _rmdup.bam.csi
MEGA21LIB6_11 	/gpfs/users/a1867445/Cloggs_May_2025/eager/results/deduplication/MEGA21LIB6_11 /MEGA21LIB6_11 _rmdup.bam	/gpfs/users/a1867445/Cloggs_May_2025/eager/results/deduplication/MEGA21LIB6_11 /MEGA21LIB6_11 _rmdup.bam.csi
MEGA21LIB6_12 	/gpfs/users/a1867445/Cloggs_May_2025/eager/results/deduplication/MEGA21LIB6_12 /MEGA21LIB6_12 _rmdup.bam	/gpfs/users/a1867445/Cloggs_May_2025/eager/results/deduplication/MEGA21LIB6_12 /MEGA21LIB6_12 _rmdup.bam.csi
MEGA21LIB6_13 	/gpfs/users/a1867445/Cloggs_May_2025/eager/results/deduplication/MEGA21LIB6_13 /MEGA21LIB6_13 _rmdup.bam	/gpfs/users/a1867445/Cloggs_May_2025/eager/results/deduplication/MEGA21LIB6_13 /MEGA21LIB6_13 _rmdup.bam.csi
MEGA21LIB6_14 	/gpfs/users/a1867445/Cloggs_May_2025/eager/results/deduplication/MEGA21LIB6_14 /MEGA21LIB6_14 _rmdup.bam	/gpfs/users/a1867445/Cloggs_May_2025/eager/results/deduplication/MEGA21LIB6_14 /MEGA21LIB6_14 _rmdup.bam.csi
MEGA21LIB6_15 	/gpfs/users/a1867445/Cloggs_May_2025/eager/results/deduplication/MEGA21LIB6_15 /MEGA21LIB6_15 _rmdup.bam	/gpfs/users/a1867445/Cloggs_May_2025/eager/results/deduplication/MEGA21LIB6_15 /MEGA21LIB6_15 _rmdup.bam.csi
MEGA21LIB6_16 	/gpfs/users/a1867445/Cloggs_May_2025/eager/results/deduplication/MEGA21LIB6_16 /MEGA21LIB6_16 _rmdup.bam	/gpfs/users/a1867445/Cloggs_May_2025/eager/results/deduplication/MEGA21LIB6_16 /MEGA21LIB6_16 _rmdup.bam.csi
MEGA21LIB6_17 	/gpfs/users/a1867445/Cloggs_May_2025/eager/results/deduplication/MEGA21LIB6_17 /MEGA21LIB6_17 _rmdup.bam	/gpfs/users/a1867445/Cloggs_May_2025/eager/results/deduplication/MEGA21LIB6_17 /MEGA21LIB6_17 _rmdup.bam.csi
MEGA21LIB6_18 	/gpfs/users/a1867445/Cloggs_May_2025/eager/results/deduplication/MEGA21LIB6_18 /MEGA21LIB6_18 _rmdup.bam	/gpfs/users/a1867445/Cloggs_May_2025/eager/results/deduplication/MEGA21LIB6_18 /MEGA21LIB6_18 _rmdup.bam.csi
MEGA21LIB6_19 	/gpfs/users/a1867445/Cloggs_May_2025/eager/results/deduplication/MEGA21LIB6_19 /MEGA21LIB6_19 _rmdup.bam	/gpfs/users/a1867445/Cloggs_May_2025/eager/results/deduplication/MEGA21LIB6_19 /MEGA21LIB6_19 _rmdup.bam.csi
MEGA21LIB6_20 	/gpfs/users/a1867445/Cloggs_May_2025/eager/results/deduplication/MEGA21LIB6_20 /MEGA21LIB6_20 _rmdup.bam	/gpfs/users/a1867445/Cloggs_May_2025/eager/results/deduplication/MEGA21LIB6_20 /MEGA21LIB6_20 _rmdup.bam.csi
MEGA21LIB7_01 	/gpfs/users/a1867445/Cloggs_May_2025/eager/results/deduplication/MEGA21LIB7_01 /MEGA21LIB7_01 _rmdup.bam	/gpfs/users/a1867445/Cloggs_May_2025/eager/results/deduplication/MEGA21LIB7_01 /MEGA21LIB7_01 _rmdup.bam.csi
MEGA21LIB7_02 	/gpfs/users/a1867445/Cloggs_May_2025/eager/results/deduplication/MEGA21LIB7_02 /MEGA21LIB7_02 _rmdup.bam	/gpfs/users/a1867445/Cloggs_May_2025/eager/results/deduplication/MEGA21LIB7_02 /MEGA21LIB7_02 _rmdup.bam.csi
MEGA21LIB7_03 	/gpfs/users/a1867445/Cloggs_May_2025/eager/results/deduplication/MEGA21LIB7_03 /MEGA21LIB7_03 _rmdup.bam	/gpfs/users/a1867445/Cloggs_May_2025/eager/results/deduplication/MEGA21LIB7_03 /MEGA21LIB7_03 _rmdup.bam.csi
MEGA21LIB7_04 	/gpfs/users/a1867445/Cloggs_May_2025/eager/results/deduplication/MEGA21LIB7_04 /MEGA21LIB7_04 _rmdup.bam	/gpfs/users/a1867445/Cloggs_May_2025/eager/results/deduplication/MEGA21LIB7_04 /MEGA21LIB7_04 _rmdup.bam.csi
MEGA21LIB7_05 	/gpfs/users/a1867445/Cloggs_May_2025/eager/results/deduplication/MEGA21LIB7_05 /MEGA21LIB7_05 _rmdup.bam	/gpfs/users/a1867445/Cloggs_May_2025/eager/results/deduplication/MEGA21LIB7_05 /MEGA21LIB7_05 _rmdup.bam.csi
MEGA21LIB7_06 	/gpfs/users/a1867445/Cloggs_May_2025/eager/results/deduplication/MEGA21LIB7_06 /MEGA21LIB7_06 _rmdup.bam	/gpfs/users/a1867445/Cloggs_May_2025/eager/results/deduplication/MEGA21LIB7_06 /MEGA21LIB7_06 _rmdup.bam.csi
MEGA21LIB7_07 	/gpfs/users/a1867445/Cloggs_May_2025/eager/results/deduplication/MEGA21LIB7_07 /MEGA21LIB7_07 _rmdup.bam	/gpfs/users/a1867445/Cloggs_May_2025/eager/results/deduplication/MEGA21LIB7_07 /MEGA21LIB7_07 _rmdup.bam.csi
MEGA21LIB7_08 	/gpfs/users/a1867445/Cloggs_May_2025/eager/results/deduplication/MEGA21LIB7_08 /MEGA21LIB7_08 _rmdup.bam	/gpfs/users/a1867445/Cloggs_May_2025/eager/results/deduplication/MEGA21LIB7_08 /MEGA21LIB7_08 _rmdup.bam.csi
MEGA21LIB7_09 	/gpfs/users/a1867445/Cloggs_May_2025/eager/results/deduplication/MEGA21LIB7_09 /MEGA21LIB7_09 _rmdup.bam	/gpfs/users/a1867445/Cloggs_May_2025/eager/results/deduplication/MEGA21LIB7_09 /MEGA21LIB7_09 _rmdup.bam.csi
MEGA21LIB7_10 	/gpfs/users/a1867445/Cloggs_May_2025/eager/results/deduplication/MEGA21LIB7_10 /MEGA21LIB7_10 _rmdup.bam	/gpfs/users/a1867445/Cloggs_May_2025/eager/results/deduplication/MEGA21LIB7_10 /MEGA21LIB7_10 _rmdup.bam.csi
MEGA21LIB7_11 	/gpfs/users/a1867445/Cloggs_May_2025/eager/results/deduplication/MEGA21LIB7_11 /MEGA21LIB7_11 _rmdup.bam	/gpfs/users/a1867445/Cloggs_May_2025/eager/results/deduplication/MEGA21LIB7_11 /MEGA21LIB7_11 _rmdup.bam.csi
MEGA21LIB7_12 	/gpfs/users/a1867445/Cloggs_May_2025/eager/results/deduplication/MEGA21LIB7_12 /MEGA21LIB7_12 _rmdup.bam	/gpfs/users/a1867445/Cloggs_May_2025/eager/results/deduplication/MEGA21LIB7_12 /MEGA21LIB7_12 _rmdup.bam.csi
MEGA21LIB7_13 	/gpfs/users/a1867445/Cloggs_May_2025/eager/results/deduplication/MEGA21LIB7_13 /MEGA21LIB7_13 _rmdup.bam	/gpfs/users/a1867445/Cloggs_May_2025/eager/results/deduplication/MEGA21LIB7_13 /MEGA21LIB7_13 _rmdup.bam.csi
MEGA21LIB7_14 	/gpfs/users/a1867445/Cloggs_May_2025/eager/results/deduplication/MEGA21LIB7_14 /MEGA21LIB7_14 _rmdup.bam	/gpfs/users/a1867445/Cloggs_May_2025/eager/results/deduplication/MEGA21LIB7_14 /MEGA21LIB7_14 _rmdup.bam.csi
MEGA21LIB7_15 	/gpfs/users/a1867445/Cloggs_May_2025/eager/results/deduplication/MEGA21LIB7_15 /MEGA21LIB7_15 _rmdup.bam	/gpfs/users/a1867445/Cloggs_May_2025/eager/results/deduplication/MEGA21LIB7_15 /MEGA21LIB7_15 _rmdup.bam.csi
MEGA21LIB7_16 	/gpfs/users/a1867445/Cloggs_May_2025/eager/results/deduplication/MEGA21LIB7_16 /MEGA21LIB7_16 _rmdup.bam	/gpfs/users/a1867445/Cloggs_May_2025/eager/results/deduplication/MEGA21LIB7_16 /MEGA21LIB7_16 _rmdup.bam.csi
MEGA21LIB7_17 	/gpfs/users/a1867445/Cloggs_May_2025/eager/results/deduplication/MEGA21LIB7_17 /MEGA21LIB7_17 _rmdup.bam	/gpfs/users/a1867445/Cloggs_May_2025/eager/results/deduplication/MEGA21LIB7_17 /MEGA21LIB7_17 _rmdup.bam.csi
MEGA21LIB7_18	/gpfs/users/a1867445/Cloggs_May_2025/eager/results/deduplication/MEGA21LIB7_18/MEGA21LIB7_18_rmdup.bam	/gpfs/users/a1867445/Cloggs_May_2025/eager/results/deduplication/MEGA21LIB7_18/MEGA21LIB7_18_rmdup.bam.csi
MEGA21LIB7_19	/gpfs/users/a1867445/Cloggs_May_2025/eager/results/deduplication/MEGA21LIB7_19/MEGA21LIB7_19_rmdup.bam	/gpfs/users/a1867445/Cloggs_May_2025/eager/results/deduplication/MEGA21LIB7_19/MEGA21LIB7_19_rmdup.bam.csi
MEGA21LIB7_20	/gpfs/users/a1867445/Cloggs_May_2025/eager/results/deduplication/MEGA21LIB7_20/MEGA21LIB7_20_rmdup.bam	/gpfs/users/a1867445/Cloggs_May_2025/eager/results/deduplication/MEGA21LIB7_20/MEGA21LIB7_20_rmdup.bam.csi
MEGA21LIB7_21	/gpfs/users/a1867445/Cloggs_May_2025/eager/results/deduplication/MEGA21LIB7_21/MEGA21LIB7_21_rmdup.bam	/gpfs/users/a1867445/Cloggs_May_2025/eager/results/deduplication/MEGA21LIB7_21/MEGA21LIB7_21_rmdup.bam.csi
MEGA21LIB7_22	/gpfs/users/a1867445/Cloggs_May_2025/eager/results/deduplication/MEGA21LIB7_22/MEGA21LIB7_22_rmdup.bam	/gpfs/users/a1867445/Cloggs_May_2025/eager/results/deduplication/MEGA21LIB7_22/MEGA21LIB7_22_rmdup.bam.csi
MEGA21LIB8_01	/gpfs/users/a1867445/Cloggs_May_2025/eager/results/deduplication/MEGA21LIB8_01/MEGA21LIB8_01_rmdup.bam	/gpfs/users/a1867445/Cloggs_May_2025/eager/results/deduplication/MEGA21LIB8_01/MEGA21LIB8_01_rmdup.bam.csi
MEGA21LIB8_02	/gpfs/users/a1867445/Cloggs_May_2025/eager/results/deduplication/MEGA21LIB8_02/MEGA21LIB8_02_rmdup.bam	/gpfs/users/a1867445/Cloggs_May_2025/eager/results/deduplication/MEGA21LIB8_02/MEGA21LIB8_02_rmdup.bam.csi
MEGA21LIB8_03	/gpfs/users/a1867445/Cloggs_May_2025/eager/results/deduplication/MEGA21LIB8_03/MEGA21LIB8_03_rmdup.bam	/gpfs/users/a1867445/Cloggs_May_2025/eager/results/deduplication/MEGA21LIB8_03/MEGA21LIB8_03_rmdup.bam.csi
MEGA21LIB8_04	/gpfs/users/a1867445/Cloggs_May_2025/eager/results/deduplication/MEGA21LIB8_04/MEGA21LIB8_04_rmdup.bam	/gpfs/users/a1867445/Cloggs_May_2025/eager/results/deduplication/MEGA21LIB8_04/MEGA21LIB8_04_rmdup.bam.csi
MEGA21LIB8_05	/gpfs/users/a1867445/Cloggs_May_2025/eager/results/deduplication/MEGA21LIB8_05/MEGA21LIB8_05_rmdup.bam	/gpfs/users/a1867445/Cloggs_May_2025/eager/results/deduplication/MEGA21LIB8_05/MEGA21LIB8_05_rmdup.bam.csi
MEGA21LIB8_06	/gpfs/users/a1867445/Cloggs_May_2025/eager/results/deduplication/MEGA21LIB8_06/MEGA21LIB8_06_rmdup.bam	/gpfs/users/a1867445/Cloggs_May_2025/eager/results/deduplication/MEGA21LIB8_06/MEGA21LIB8_06_rmdup.bam.csi
MEGA21LIB8_07	/gpfs/users/a1867445/Cloggs_May_2025/eager/results/deduplication/MEGA21LIB8_07/MEGA21LIB8_07_rmdup.bam	/gpfs/users/a1867445/Cloggs_May_2025/eager/results/deduplication/MEGA21LIB8_07/MEGA21LIB8_07_rmdup.bam.csi
SIM_META	/gpfs/users/a1867445/Cloggs_May_2025/eager/results/deduplication/SIM_META/SIM_META_rmdup.bam	/gpfs/users/a1867445/Cloggs_May_2025/eager/results/deduplication/SIM_META/SIM_META_rmdup.bam.csi
